{"cameraMode":{"drawMode":0,"name":"Shaded","section":"Shading Mode"},"sceneLighting":true,"audioPlay":false,"sceneViewState":{"showFog":true,"showMaterialUpdate":false,"showSkybox":true,"showFlares":true,"showImageEffects":true,"showParticleSystems":true},"in2DMode":false,"pivot":{"x":-0.8349313735961914,"y":0.6053586006164551,"z":-2.8413474559783937},"rotation":{"x":-0.4971211850643158,"y":-0.13008266687393189,"z":0.07538435608148575,"w":-0.854617178440094},"size":12.593083381652832,"orthographic":false}